,subjFloor,floorLv,unitNo,price,npsf,nfa,com_score,com_no,district,final_address
1.0/F低層A01,1.0,低層,A01,9446096.0,16808.0,562,354,4,NST,"SKY ONE,TUNG LO WAN HILL RD|雲頂峰,銅鑼灣山路"
2.0/F中層A01,2.0,中層,A01,9459584.0,16832.0,562,326,3,NST,"SKY ONE,TUNG LO WAN HILL RD|雲頂峰,銅鑼灣山路"
5.0/F高層A01,5.0,高層,A01,9637738.0,17149.0,562,345,4,NST,"SKY ONE,TUNG LO WAN HILL RD|雲頂峰,銅鑼灣山路"
1.0/F低層A02,1.0,低層,A02,9515857.0,17023.0,559,389,4,NST,"SKY ONE,TUNG LO WAN HILL RD|雲頂峰,銅鑼灣山路"
2.0/F中層A02,2.0,中層,A02,9549397.0,17083.0,559,384,4,NST,"SKY ONE,TUNG LO WAN HILL RD|雲頂峰,銅鑼灣山路"
5.0/F高層A02,5.0,高層,A02,9584055.0,17145.0,559,377,4,NST,"SKY ONE,TUNG LO WAN HILL RD|雲頂峰,銅鑼灣山路"
1.0/F低層A03,1.0,低層,A03,8978188.0,16972.0,529,340,4,NST,"SKY ONE,TUNG LO WAN HILL RD|雲頂峰,銅鑼灣山路"
2.0/F中層A03,2.0,中層,A03,9013631.0,17039.0,529,340,4,NST,"SKY ONE,TUNG LO WAN HILL RD|雲頂峰,銅鑼灣山路"
5.0/F高層A03,5.0,高層,A03,9035320.0,17080.0,529,335,4,NST,"SKY ONE,TUNG LO WAN HILL RD|雲頂峰,銅鑼灣山路"
1.0/F低層A05,1.0,低層,A05,5420320.0,17830.0,304,322,4,NST,"SKY ONE,TUNG LO WAN HILL RD|雲頂峰,銅鑼灣山路"
2.0/F中層A05,2.0,中層,A05,5442208.0,17902.0,304,324,4,NST,"SKY ONE,TUNG LO WAN HILL RD|雲頂峰,銅鑼灣山路"
5.0/F高層A05,5.0,高層,A05,5526112.0,18178.0,304,330,4,NST,"SKY ONE,TUNG LO WAN HILL RD|雲頂峰,銅鑼灣山路"
1.0/F低層A06,1.0,低層,A06,7179486.0,17013.0,422,393,3,NST,"SKY ONE,TUNG LO WAN HILL RD|雲頂峰,銅鑼灣山路"
2.0/F中層A06,2.0,中層,A06,7126736.0,16888.0,422,332,3,NST,"SKY ONE,TUNG LO WAN HILL RD|雲頂峰,銅鑼灣山路"
5.0/F高層A06,5.0,高層,A06,7133488.0,16904.0,422,328,3,NST,"SKY ONE,TUNG LO WAN HILL RD|雲頂峰,銅鑼灣山路"
1.0/F低層A07,1.0,低層,A07,7109856.0,16848.0,422,374,4,NST,"SKY ONE,TUNG LO WAN HILL RD|雲頂峰,銅鑼灣山路"
2.0/F中層A07,2.0,中層,A07,7138974.0,16917.0,422,376,4,NST,"SKY ONE,TUNG LO WAN HILL RD|雲頂峰,銅鑼灣山路"
5.0/F高層A07,5.0,高層,A07,7222952.0,17116.0,422,374,4,NST,"SKY ONE,TUNG LO WAN HILL RD|雲頂峰,銅鑼灣山路"
1.0/F低層A08,1.0,低層,A08,7110600.0,16930.0,420,330,3,NST,"SKY ONE,TUNG LO WAN HILL RD|雲頂峰,銅鑼灣山路"
2.0/F中層A08,2.0,中層,A08,7140000.0,17000.0,420,332,3,NST,"SKY ONE,TUNG LO WAN HILL RD|雲頂峰,銅鑼灣山路"
5.0/F高層A08,5.0,高層,A08,7266840.0,17302.0,420,329,3,NST,"SKY ONE,TUNG LO WAN HILL RD|雲頂峰,銅鑼灣山路"
1.0/F低層A102,1.0,低層,A102,9467783.0,16937.0,559,336,4,NST,"SKY ONE,TUNG LO WAN HILL RD|雲頂峰,銅鑼灣山路"
2.0/F中層A102,2.0,中層,A102,9505236.0,17004.0,559,336,4,NST,"SKY ONE,TUNG LO WAN HILL RD|雲頂峰,銅鑼灣山路"
5.0/F高層A102,5.0,高層,A102,9529273.0,17047.0,559,330,4,NST,"SKY ONE,TUNG LO WAN HILL RD|雲頂峰,銅鑼灣山路"
1.0/F低層A106,1.0,低層,A106,7109856.0,16848.0,422,374,4,NST,"SKY ONE,TUNG LO WAN HILL RD|雲頂峰,銅鑼灣山路"
2.0/F中層A106,2.0,中層,A106,7138974.0,16917.0,422,376,4,NST,"SKY ONE,TUNG LO WAN HILL RD|雲頂峰,銅鑼灣山路"
5.0/F高層A106,5.0,高層,A106,7222952.0,17116.0,422,374,4,NST,"SKY ONE,TUNG LO WAN HILL RD|雲頂峰,銅鑼灣山路"
1.0/F低層A108,1.0,低層,A108,7077840.0,16852.0,420,375,4,NST,"SKY ONE,TUNG LO WAN HILL RD|雲頂峰,銅鑼灣山路"
2.0/F中層A108,2.0,中層,A108,7106820.0,16921.0,420,377,4,NST,"SKY ONE,TUNG LO WAN HILL RD|雲頂峰,銅鑼灣山路"
5.0/F高層A108,5.0,高層,A108,7190400.0,17120.0,420,375,4,NST,"SKY ONE,TUNG LO WAN HILL RD|雲頂峰,銅鑼灣山路"
1.0/F低層A206,1.0,低層,A206,7109856.0,16848.0,422,374,4,NST,"SKY ONE,TUNG LO WAN HILL RD|雲頂峰,銅鑼灣山路"
2.0/F中層A206,2.0,中層,A206,7138974.0,16917.0,422,376,4,NST,"SKY ONE,TUNG LO WAN HILL RD|雲頂峰,銅鑼灣山路"
5.0/F高層A206,5.0,高層,A206,7222952.0,17116.0,422,374,4,NST,"SKY ONE,TUNG LO WAN HILL RD|雲頂峰,銅鑼灣山路"
1.0/F低層A308,1.0,低層,A308,7077840.0,16852.0,420,375,4,NST,"SKY ONE,TUNG LO WAN HILL RD|雲頂峰,銅鑼灣山路"
2.0/F中層A308,2.0,中層,A308,7106820.0,16921.0,420,377,4,NST,"SKY ONE,TUNG LO WAN HILL RD|雲頂峰,銅鑼灣山路"
5.0/F高層A308,5.0,高層,A308,7190400.0,17120.0,420,375,4,NST,"SKY ONE,TUNG LO WAN HILL RD|雲頂峰,銅鑼灣山路"
1.0/F低層B,1.0,低層,B,33293914.24697415,14651.0,2002,70,1,NST,"SKY ONE,TUNG LO WAN HILL RD|雲頂峰,銅鑼灣山路"
2.0/F中層B,2.0,中層,B,33425717.33388457,14709.0,2002,71,1,NST,"SKY ONE,TUNG LO WAN HILL RD|雲頂峰,銅鑼灣山路"
5.0/F高層B,5.0,高層,B,33821126.59461582,14883.0,2002,74,1,NST,"SKY ONE,TUNG LO WAN HILL RD|雲頂峰,銅鑼灣山路"
1.0/F低層B01,1.0,低層,B01,6963066.0,16698.0,417,327,3,NST,"SKY ONE,TUNG LO WAN HILL RD|雲頂峰,銅鑼灣山路"
2.0/F中層B01,2.0,中層,B01,7269144.0,17432.0,417,384,3,NST,"SKY ONE,TUNG LO WAN HILL RD|雲頂峰,銅鑼灣山路"
5.0/F高層B01,5.0,高層,B01,7190748.0,17244.0,417,336,3,NST,"SKY ONE,TUNG LO WAN HILL RD|雲頂峰,銅鑼灣山路"
1.0/F低層B02,1.0,低層,B02,7093460.0,16970.0,418,330,3,NST,"SKY ONE,TUNG LO WAN HILL RD|雲頂峰,銅鑼灣山路"
2.0/F中層B02,2.0,中層,B02,7292846.0,17447.0,418,386,3,NST,"SKY ONE,TUNG LO WAN HILL RD|雲頂峰,銅鑼灣山路"
5.0/F高層B02,5.0,高層,B02,7441236.0,17802.0,418,385,3,NST,"SKY ONE,TUNG LO WAN HILL RD|雲頂峰,銅鑼灣山路"
1.0/F低層B03,1.0,低層,B03,7045808.0,16856.0,418,375,4,NST,"SKY ONE,TUNG LO WAN HILL RD|雲頂峰,銅鑼灣山路"
2.0/F中層B03,2.0,中層,B03,7074650.0,16925.0,418,377,4,NST,"SKY ONE,TUNG LO WAN HILL RD|雲頂峰,銅鑼灣山路"
5.0/F高層B03,5.0,高層,B03,7157832.0,17124.0,418,375,4,NST,"SKY ONE,TUNG LO WAN HILL RD|雲頂峰,銅鑼灣山路"
1.0/F低層B05,1.0,低層,B05,7045808.0,16856.0,418,375,4,NST,"SKY ONE,TUNG LO WAN HILL RD|雲頂峰,銅鑼灣山路"
2.0/F中層B05,2.0,中層,B05,7074650.0,16925.0,418,377,4,NST,"SKY ONE,TUNG LO WAN HILL RD|雲頂峰,銅鑼灣山路"
5.0/F高層B05,5.0,高層,B05,7157832.0,17124.0,418,375,4,NST,"SKY ONE,TUNG LO WAN HILL RD|雲頂峰,銅鑼灣山路"
1.0/F低層B06,1.0,低層,B06,7045808.0,16856.0,418,375,4,NST,"SKY ONE,TUNG LO WAN HILL RD|雲頂峰,銅鑼灣山路"
2.0/F中層B06,2.0,中層,B06,7074650.0,16925.0,418,377,4,NST,"SKY ONE,TUNG LO WAN HILL RD|雲頂峰,銅鑼灣山路"
5.0/F高層B06,5.0,高層,B06,7157832.0,17124.0,418,375,4,NST,"SKY ONE,TUNG LO WAN HILL RD|雲頂峰,銅鑼灣山路"
1.0/F低層B07,1.0,低層,B07,7045808.0,16856.0,418,375,4,NST,"SKY ONE,TUNG LO WAN HILL RD|雲頂峰,銅鑼灣山路"
2.0/F中層B07,2.0,中層,B07,7074650.0,16925.0,418,377,4,NST,"SKY ONE,TUNG LO WAN HILL RD|雲頂峰,銅鑼灣山路"
5.0/F高層B07,5.0,高層,B07,7157832.0,17124.0,418,375,4,NST,"SKY ONE,TUNG LO WAN HILL RD|雲頂峰,銅鑼灣山路"
1.0/F低層B08,1.0,低層,B08,7177478.0,17171.0,418,404,4,NST,"SKY ONE,TUNG LO WAN HILL RD|雲頂峰,銅鑼灣山路"
2.0/F中層B08,2.0,中層,B08,7207574.0,17243.0,418,407,4,NST,"SKY ONE,TUNG LO WAN HILL RD|雲頂峰,銅鑼灣山路"
5.0/F高層B08,5.0,高層,B08,7330048.0,17536.0,418,410,4,NST,"SKY ONE,TUNG LO WAN HILL RD|雲頂峰,銅鑼灣山路"
1.0/F低層B09,1.0,低層,B09,5863429.0,18733.0,313,365,4,NST,"SKY ONE,TUNG LO WAN HILL RD|雲頂峰,銅鑼灣山路"
2.0/F中層B09,2.0,中層,B09,5925090.0,18930.0,313,330,3,NST,"SKY ONE,TUNG LO WAN HILL RD|雲頂峰,銅鑼灣山路"
5.0/F高層B09,5.0,高層,B09,5936045.0,18965.0,313,339,3,NST,"SKY ONE,TUNG LO WAN HILL RD|雲頂峰,銅鑼灣山路"
1.0/F低層B10,1.0,低層,B10,5770296.0,17976.0,321,360,4,NST,"SKY ONE,TUNG LO WAN HILL RD|雲頂峰,銅鑼灣山路"
2.0/F中層B10,2.0,中層,B10,5859855.0,18255.0,321,333,3,NST,"SKY ONE,TUNG LO WAN HILL RD|雲頂峰,銅鑼灣山路"
5.0/F高層B10,5.0,高層,B10,6086160.0,18960.0,321,340,3,NST,"SKY ONE,TUNG LO WAN HILL RD|雲頂峰,銅鑼灣山路"
1.0/F低層B105,1.0,低層,B105,7045808.0,16856.0,418,375,4,NST,"SKY ONE,TUNG LO WAN HILL RD|雲頂峰,銅鑼灣山路"
2.0/F中層B105,2.0,中層,B105,7074650.0,16925.0,418,377,4,NST,"SKY ONE,TUNG LO WAN HILL RD|雲頂峰,銅鑼灣山路"
5.0/F高層B105,5.0,高層,B105,7157832.0,17124.0,418,375,4,NST,"SKY ONE,TUNG LO WAN HILL RD|雲頂峰,銅鑼灣山路"
1.0/F低層B106,1.0,低層,B106,7045808.0,16856.0,418,375,4,NST,"SKY ONE,TUNG LO WAN HILL RD|雲頂峰,銅鑼灣山路"
2.0/F中層B106,2.0,中層,B106,7074650.0,16925.0,418,377,4,NST,"SKY ONE,TUNG LO WAN HILL RD|雲頂峰,銅鑼灣山路"
5.0/F高層B106,5.0,高層,B106,7157832.0,17124.0,418,375,4,NST,"SKY ONE,TUNG LO WAN HILL RD|雲頂峰,銅鑼灣山路"
1.0/F低層B108,1.0,低層,B108,7045808.0,16856.0,418,375,4,NST,"SKY ONE,TUNG LO WAN HILL RD|雲頂峰,銅鑼灣山路"
2.0/F中層B108,2.0,中層,B108,7074650.0,16925.0,418,377,4,NST,"SKY ONE,TUNG LO WAN HILL RD|雲頂峰,銅鑼灣山路"
5.0/F高層B108,5.0,高層,B108,7157832.0,17124.0,418,375,4,NST,"SKY ONE,TUNG LO WAN HILL RD|雲頂峰,銅鑼灣山路"
1.0/F低層B109,1.0,低層,B109,5544169.0,17713.0,313,330,4,NST,"SKY ONE,TUNG LO WAN HILL RD|雲頂峰,銅鑼灣山路"
2.0/F中層B109,2.0,中層,B109,5566392.0,17784.0,313,332,4,NST,"SKY ONE,TUNG LO WAN HILL RD|雲頂峰,銅鑼灣山路"
5.0/F高層B109,5.0,高層,B109,5652467.0,18059.0,313,338,4,NST,"SKY ONE,TUNG LO WAN HILL RD|雲頂峰,銅鑼灣山路"
1.0/F低層B110,1.0,低層,B110,5652810.0,17610.0,321,337,4,NST,"SKY ONE,TUNG LO WAN HILL RD|雲頂峰,銅鑼灣山路"
2.0/F中層B110,2.0,中層,B110,5675280.0,17680.0,321,339,4,NST,"SKY ONE,TUNG LO WAN HILL RD|雲頂峰,銅鑼灣山路"
5.0/F高層B110,5.0,高層,B110,5763234.0,17954.0,321,345,4,NST,"SKY ONE,TUNG LO WAN HILL RD|雲頂峰,銅鑼灣山路"
1.0/F低層B202,1.0,低層,B202,7045808.0,16856.0,418,375,4,NST,"SKY ONE,TUNG LO WAN HILL RD|雲頂峰,銅鑼灣山路"
2.0/F中層B202,2.0,中層,B202,7074650.0,16925.0,418,377,4,NST,"SKY ONE,TUNG LO WAN HILL RD|雲頂峰,銅鑼灣山路"
5.0/F高層B202,5.0,高層,B202,7157832.0,17124.0,418,375,4,NST,"SKY ONE,TUNG LO WAN HILL RD|雲頂峰,銅鑼灣山路"
1.0/F低層B203,1.0,低層,B203,7045808.0,16856.0,418,375,4,NST,"SKY ONE,TUNG LO WAN HILL RD|雲頂峰,銅鑼灣山路"
2.0/F中層B203,2.0,中層,B203,7074650.0,16925.0,418,377,4,NST,"SKY ONE,TUNG LO WAN HILL RD|雲頂峰,銅鑼灣山路"
5.0/F高層B203,5.0,高層,B203,7157832.0,17124.0,418,375,4,NST,"SKY ONE,TUNG LO WAN HILL RD|雲頂峰,銅鑼灣山路"
1.0/F低層B205,1.0,低層,B205,7045808.0,16856.0,418,375,4,NST,"SKY ONE,TUNG LO WAN HILL RD|雲頂峰,銅鑼灣山路"
2.0/F中層B205,2.0,中層,B205,7074650.0,16925.0,418,377,4,NST,"SKY ONE,TUNG LO WAN HILL RD|雲頂峰,銅鑼灣山路"
5.0/F高層B205,5.0,高層,B205,7157832.0,17124.0,418,375,4,NST,"SKY ONE,TUNG LO WAN HILL RD|雲頂峰,銅鑼灣山路"
1.0/F低層B206,1.0,低層,B206,7045808.0,16856.0,418,375,4,NST,"SKY ONE,TUNG LO WAN HILL RD|雲頂峰,銅鑼灣山路"
2.0/F中層B206,2.0,中層,B206,7074650.0,16925.0,418,377,4,NST,"SKY ONE,TUNG LO WAN HILL RD|雲頂峰,銅鑼灣山路"
5.0/F高層B206,5.0,高層,B206,7157832.0,17124.0,418,375,4,NST,"SKY ONE,TUNG LO WAN HILL RD|雲頂峰,銅鑼灣山路"
1.0/F低層B209,1.0,低層,B209,5544169.0,17713.0,313,330,4,NST,"SKY ONE,TUNG LO WAN HILL RD|雲頂峰,銅鑼灣山路"
2.0/F中層B209,2.0,中層,B209,5566392.0,17784.0,313,332,4,NST,"SKY ONE,TUNG LO WAN HILL RD|雲頂峰,銅鑼灣山路"
5.0/F高層B209,5.0,高層,B209,5652467.0,18059.0,313,338,4,NST,"SKY ONE,TUNG LO WAN HILL RD|雲頂峰,銅鑼灣山路"
1.0/F低層B305,1.0,低層,B305,7045808.0,16856.0,418,375,4,NST,"SKY ONE,TUNG LO WAN HILL RD|雲頂峰,銅鑼灣山路"
2.0/F中層B305,2.0,中層,B305,7074650.0,16925.0,418,377,4,NST,"SKY ONE,TUNG LO WAN HILL RD|雲頂峰,銅鑼灣山路"
5.0/F高層B305,5.0,高層,B305,7157832.0,17124.0,418,375,4,NST,"SKY ONE,TUNG LO WAN HILL RD|雲頂峰,銅鑼灣山路"
1.0/F低層B306,1.0,低層,B306,7045808.0,16856.0,418,375,4,NST,"SKY ONE,TUNG LO WAN HILL RD|雲頂峰,銅鑼灣山路"
2.0/F中層B306,2.0,中層,B306,7074650.0,16925.0,418,377,4,NST,"SKY ONE,TUNG LO WAN HILL RD|雲頂峰,銅鑼灣山路"
5.0/F高層B306,5.0,高層,B306,7157832.0,17124.0,418,375,4,NST,"SKY ONE,TUNG LO WAN HILL RD|雲頂峰,銅鑼灣山路"
1.0/F低層B309,1.0,低層,B309,5544169.0,17713.0,313,330,4,NST,"SKY ONE,TUNG LO WAN HILL RD|雲頂峰,銅鑼灣山路"
2.0/F中層B309,2.0,中層,B309,5566392.0,17784.0,313,332,4,NST,"SKY ONE,TUNG LO WAN HILL RD|雲頂峰,銅鑼灣山路"
5.0/F高層B309,5.0,高層,B309,5652467.0,18059.0,313,338,4,NST,"SKY ONE,TUNG LO WAN HILL RD|雲頂峰,銅鑼灣山路"
1.0/F低層B502,1.0,低層,B502,7045808.0,16856.0,418,375,4,NST,"SKY ONE,TUNG LO WAN HILL RD|雲頂峰,銅鑼灣山路"
2.0/F中層B502,2.0,中層,B502,7074650.0,16925.0,418,377,4,NST,"SKY ONE,TUNG LO WAN HILL RD|雲頂峰,銅鑼灣山路"
5.0/F高層B502,5.0,高層,B502,7157832.0,17124.0,418,375,4,NST,"SKY ONE,TUNG LO WAN HILL RD|雲頂峰,銅鑼灣山路"
1.0/F低層B606,1.0,低層,B606,7045808.0,16856.0,418,375,4,NST,"SKY ONE,TUNG LO WAN HILL RD|雲頂峰,銅鑼灣山路"
2.0/F中層B606,2.0,中層,B606,7074650.0,16925.0,418,377,4,NST,"SKY ONE,TUNG LO WAN HILL RD|雲頂峰,銅鑼灣山路"
5.0/F高層B606,5.0,高層,B606,7157832.0,17124.0,418,375,4,NST,"SKY ONE,TUNG LO WAN HILL RD|雲頂峰,銅鑼灣山路"
1.0/F低層B610,1.0,低層,B610,5652810.0,17610.0,321,337,4,NST,"SKY ONE,TUNG LO WAN HILL RD|雲頂峰,銅鑼灣山路"
2.0/F中層B610,2.0,中層,B610,5675280.0,17680.0,321,339,4,NST,"SKY ONE,TUNG LO WAN HILL RD|雲頂峰,銅鑼灣山路"
5.0/F高層B610,5.0,高層,B610,5763234.0,17954.0,321,345,4,NST,"SKY ONE,TUNG LO WAN HILL RD|雲頂峰,銅鑼灣山路"
1.0/F低層C01,1.0,低層,C01,5795725.0,17833.0,325,350,3,NST,"SKY ONE,TUNG LO WAN HILL RD|雲頂峰,銅鑼灣山路"
2.0/F中層C01,2.0,中層,C01,5818475.0,17903.0,325,355,3,NST,"SKY ONE,TUNG LO WAN HILL RD|雲頂峰,銅鑼灣山路"
5.0/F高層C01,5.0,高層,C01,5858125.0,18025.0,325,389,3,NST,"SKY ONE,TUNG LO WAN HILL RD|雲頂峰,銅鑼灣山路"
1.0/F低層C02,1.0,低層,C02,6928768.0,16576.0,418,340,3,NST,"SKY ONE,TUNG LO WAN HILL RD|雲頂峰,銅鑼灣山路"
2.0/F中層C02,2.0,中層,C02,6793754.0,16253.0,418,340,3,NST,"SKY ONE,TUNG LO WAN HILL RD|雲頂峰,銅鑼灣山路"
5.0/F高層C02,5.0,高層,C02,7157832.0,17124.0,418,375,4,NST,"SKY ONE,TUNG LO WAN HILL RD|雲頂峰,銅鑼灣山路"
1.0/F低層C03,1.0,低層,C03,7045808.0,16856.0,418,375,4,NST,"SKY ONE,TUNG LO WAN HILL RD|雲頂峰,銅鑼灣山路"
2.0/F中層C03,2.0,中層,C03,7074650.0,16925.0,418,377,4,NST,"SKY ONE,TUNG LO WAN HILL RD|雲頂峰,銅鑼灣山路"
5.0/F高層C03,5.0,高層,C03,7157832.0,17124.0,418,375,4,NST,"SKY ONE,TUNG LO WAN HILL RD|雲頂峰,銅鑼灣山路"
1.0/F低層C05,1.0,低層,C05,9342529.0,17269.0,541,392,4,NST,"SKY ONE,TUNG LO WAN HILL RD|雲頂峰,銅鑼灣山路"
2.0/F中層C05,2.0,中層,C05,9502665.0,17565.0,541,357,3,NST,"SKY ONE,TUNG LO WAN HILL RD|雲頂峰,銅鑼灣山路"
5.0/F高層C05,5.0,高層,C05,9690392.0,17912.0,541,339,3,NST,"SKY ONE,TUNG LO WAN HILL RD|雲頂峰,銅鑼灣山路"
1.0/F低層C06,1.0,低層,C06,6802237.0,16879.0,403,366,4,NST,"SKY ONE,TUNG LO WAN HILL RD|雲頂峰,銅鑼灣山路"
2.0/F中層C06,2.0,中層,C06,6830044.0,16948.0,403,368,4,NST,"SKY ONE,TUNG LO WAN HILL RD|雲頂峰,銅鑼灣山路"
5.0/F高層C06,5.0,高層,C06,6910644.0,17148.0,403,366,4,NST,"SKY ONE,TUNG LO WAN HILL RD|雲頂峰,銅鑼灣山路"
1.0/F低層C07,1.0,低層,C07,5659353.0,18081.0,313,338,4,NST,"SKY ONE,TUNG LO WAN HILL RD|雲頂峰,銅鑼灣山路"
2.0/F中層C07,2.0,中層,C07,5649650.0,18050.0,313,342,4,NST,"SKY ONE,TUNG LO WAN HILL RD|雲頂峰,銅鑼灣山路"
5.0/F高層C07,5.0,高層,C07,5713189.0,18253.0,313,351,4,NST,"SKY ONE,TUNG LO WAN HILL RD|雲頂峰,銅鑼灣山路"
1.0/F低層C08,1.0,低層,C08,5641896.0,17576.0,321,381,4,NST,"SKY ONE,TUNG LO WAN HILL RD|雲頂峰,銅鑼灣山路"
2.0/F中層C08,2.0,中層,C08,5726961.0,17841.0,321,378,3,NST,"SKY ONE,TUNG LO WAN HILL RD|雲頂峰,銅鑼灣山路"
5.0/F高層C08,5.0,高層,C08,5856003.0,18243.0,321,382,3,NST,"SKY ONE,TUNG LO WAN HILL RD|雲頂峰,銅鑼灣山路"
1.0/F低層C101,1.0,低層,C101,5706675.0,17559.0,325,338,4,NST,"SKY ONE,TUNG LO WAN HILL RD|雲頂峰,銅鑼灣山路"
2.0/F中層C101,2.0,中層,C101,5729425.0,17629.0,325,340,4,NST,"SKY ONE,TUNG LO WAN HILL RD|雲頂峰,銅鑼灣山路"
5.0/F高層C101,5.0,高層,C101,5818475.0,17903.0,325,346,4,NST,"SKY ONE,TUNG LO WAN HILL RD|雲頂峰,銅鑼灣山路"
1.0/F低層C102,1.0,低層,C102,7045808.0,16856.0,418,375,4,NST,"SKY ONE,TUNG LO WAN HILL RD|雲頂峰,銅鑼灣山路"
2.0/F中層C102,2.0,中層,C102,7074650.0,16925.0,418,377,4,NST,"SKY ONE,TUNG LO WAN HILL RD|雲頂峰,銅鑼灣山路"
5.0/F高層C102,5.0,高層,C102,7157832.0,17124.0,418,375,4,NST,"SKY ONE,TUNG LO WAN HILL RD|雲頂峰,銅鑼灣山路"
1.0/F低層C103,1.0,低層,C103,7045808.0,16856.0,418,375,4,NST,"SKY ONE,TUNG LO WAN HILL RD|雲頂峰,銅鑼灣山路"
2.0/F中層C103,2.0,中層,C103,7074650.0,16925.0,418,377,4,NST,"SKY ONE,TUNG LO WAN HILL RD|雲頂峰,銅鑼灣山路"
5.0/F高層C103,5.0,高層,C103,7157832.0,17124.0,418,375,4,NST,"SKY ONE,TUNG LO WAN HILL RD|雲頂峰,銅鑼灣山路"
1.0/F低層C105,1.0,低層,C105,9174819.0,16959.0,541,338,4,NST,"SKY ONE,TUNG LO WAN HILL RD|雲頂峰,銅鑼灣山路"
2.0/F中層C105,2.0,中層,C105,9211066.0,17026.0,541,338,4,NST,"SKY ONE,TUNG LO WAN HILL RD|雲頂峰,銅鑼灣山路"
5.0/F高層C105,5.0,高層,C105,9233788.0,17068.0,541,333,4,NST,"SKY ONE,TUNG LO WAN HILL RD|雲頂峰,銅鑼灣山路"
1.0/F低層C202,1.0,低層,C202,7045808.0,16856.0,418,375,4,NST,"SKY ONE,TUNG LO WAN HILL RD|雲頂峰,銅鑼灣山路"
2.0/F中層C202,2.0,中層,C202,7074650.0,16925.0,418,377,4,NST,"SKY ONE,TUNG LO WAN HILL RD|雲頂峰,銅鑼灣山路"
5.0/F高層C202,5.0,高層,C202,7157832.0,17124.0,418,375,4,NST,"SKY ONE,TUNG LO WAN HILL RD|雲頂峰,銅鑼灣山路"
1.0/F低層C203,1.0,低層,C203,7045808.0,16856.0,418,375,4,NST,"SKY ONE,TUNG LO WAN HILL RD|雲頂峰,銅鑼灣山路"
2.0/F中層C203,2.0,中層,C203,7074650.0,16925.0,418,377,4,NST,"SKY ONE,TUNG LO WAN HILL RD|雲頂峰,銅鑼灣山路"
5.0/F高層C203,5.0,高層,C203,7157832.0,17124.0,418,375,4,NST,"SKY ONE,TUNG LO WAN HILL RD|雲頂峰,銅鑼灣山路"
1.0/F低層C207,1.0,低層,C207,5544169.0,17713.0,313,330,4,NST,"SKY ONE,TUNG LO WAN HILL RD|雲頂峰,銅鑼灣山路"
2.0/F中層C207,2.0,中層,C207,5566392.0,17784.0,313,332,4,NST,"SKY ONE,TUNG LO WAN HILL RD|雲頂峰,銅鑼灣山路"
5.0/F高層C207,5.0,高層,C207,5652467.0,18059.0,313,338,4,NST,"SKY ONE,TUNG LO WAN HILL RD|雲頂峰,銅鑼灣山路"
1.0/F低層C303,1.0,低層,C303,7045808.0,16856.0,418,375,4,NST,"SKY ONE,TUNG LO WAN HILL RD|雲頂峰,銅鑼灣山路"
2.0/F中層C303,2.0,中層,C303,7074650.0,16925.0,418,377,4,NST,"SKY ONE,TUNG LO WAN HILL RD|雲頂峰,銅鑼灣山路"
5.0/F高層C303,5.0,高層,C303,7157832.0,17124.0,418,375,4,NST,"SKY ONE,TUNG LO WAN HILL RD|雲頂峰,銅鑼灣山路"
1.0/F低層C305,1.0,低層,C305,9174819.0,16959.0,541,338,4,NST,"SKY ONE,TUNG LO WAN HILL RD|雲頂峰,銅鑼灣山路"
2.0/F中層C305,2.0,中層,C305,9211066.0,17026.0,541,338,4,NST,"SKY ONE,TUNG LO WAN HILL RD|雲頂峰,銅鑼灣山路"
5.0/F高層C305,5.0,高層,C305,9233788.0,17068.0,541,333,4,NST,"SKY ONE,TUNG LO WAN HILL RD|雲頂峰,銅鑼灣山路"
1.0/F低層C503,1.0,低層,C503,7045808.0,16856.0,418,375,4,NST,"SKY ONE,TUNG LO WAN HILL RD|雲頂峰,銅鑼灣山路"
2.0/F中層C503,2.0,中層,C503,7074650.0,16925.0,418,377,4,NST,"SKY ONE,TUNG LO WAN HILL RD|雲頂峰,銅鑼灣山路"
5.0/F高層C503,5.0,高層,C503,7157832.0,17124.0,418,375,4,NST,"SKY ONE,TUNG LO WAN HILL RD|雲頂峰,銅鑼灣山路"
1.0/F低層C601,1.0,低層,C601,5706675.0,17559.0,325,338,4,NST,"SKY ONE,TUNG LO WAN HILL RD|雲頂峰,銅鑼灣山路"
2.0/F中層C601,2.0,中層,C601,5729425.0,17629.0,325,340,4,NST,"SKY ONE,TUNG LO WAN HILL RD|雲頂峰,銅鑼灣山路"
5.0/F高層C601,5.0,高層,C601,5818475.0,17903.0,325,346,4,NST,"SKY ONE,TUNG LO WAN HILL RD|雲頂峰,銅鑼灣山路"
1.0/F低層C602,1.0,低層,C602,7045808.0,16856.0,418,375,4,NST,"SKY ONE,TUNG LO WAN HILL RD|雲頂峰,銅鑼灣山路"
2.0/F中層C602,2.0,中層,C602,7074650.0,16925.0,418,377,4,NST,"SKY ONE,TUNG LO WAN HILL RD|雲頂峰,銅鑼灣山路"
5.0/F高層C602,5.0,高層,C602,7157832.0,17124.0,418,375,4,NST,"SKY ONE,TUNG LO WAN HILL RD|雲頂峰,銅鑼灣山路"
1.0/F低層C606,1.0,低層,C606,6802237.0,16879.0,403,366,4,NST,"SKY ONE,TUNG LO WAN HILL RD|雲頂峰,銅鑼灣山路"
2.0/F中層C606,2.0,中層,C606,6830044.0,16948.0,403,368,4,NST,"SKY ONE,TUNG LO WAN HILL RD|雲頂峰,銅鑼灣山路"
5.0/F高層C606,5.0,高層,C606,6910644.0,17148.0,403,366,4,NST,"SKY ONE,TUNG LO WAN HILL RD|雲頂峰,銅鑼灣山路"
1.0/F低層C607,1.0,低層,C607,5544169.0,17713.0,313,330,4,NST,"SKY ONE,TUNG LO WAN HILL RD|雲頂峰,銅鑼灣山路"
2.0/F中層C607,2.0,中層,C607,5566392.0,17784.0,313,332,4,NST,"SKY ONE,TUNG LO WAN HILL RD|雲頂峰,銅鑼灣山路"
5.0/F高層C607,5.0,高層,C607,5652467.0,18059.0,313,338,4,NST,"SKY ONE,TUNG LO WAN HILL RD|雲頂峰,銅鑼灣山路"
1.0/F低層D,1.0,低層,D,34413487.915467225,14625.0,2073,69,1,NST,"SKY ONE,TUNG LO WAN HILL RD|雲頂峰,銅鑼灣山路"
2.0/F中層D,2.0,中層,D,34549965.33762772,14683.0,2073,70,1,NST,"SKY ONE,TUNG LO WAN HILL RD|雲頂峰,銅鑼灣山路"
5.0/F高層D,5.0,高層,D,34959397.60410917,14857.0,2073,73,1,NST,"SKY ONE,TUNG LO WAN HILL RD|雲頂峰,銅鑼灣山路"
1.0/F低層PH1,1.0,低層,PH1,25821022.984498587,14891.0,1229,175,2,NST,"SKY ONE,TUNG LO WAN HILL RD|雲頂峰,銅鑼灣山路"
2.0/F中層PH1,2.0,中層,PH1,25923329.099338785,14950.0,1229,177,2,NST,"SKY ONE,TUNG LO WAN HILL RD|雲頂峰,銅鑼灣山路"
5.0/F高層PH1,5.0,高層,PH1,26230247.443859383,15127.0,1229,183,2,NST,"SKY ONE,TUNG LO WAN HILL RD|雲頂峰,銅鑼灣山路"
1.0/F低層PH2,1.0,低層,PH2,27183916.063594207,14878.0,1295,221,2,NST,"SKY ONE,TUNG LO WAN HILL RD|雲頂峰,銅鑼灣山路"
2.0/F中層PH2,2.0,中層,PH2,27291716.24155846,14937.0,1295,224,2,NST,"SKY ONE,TUNG LO WAN HILL RD|雲頂峰,銅鑼灣山路"
5.0/F高層PH2,5.0,高層,PH2,27615116.775451194,15114.0,1295,231,2,NST,"SKY ONE,TUNG LO WAN HILL RD|雲頂峰,銅鑼灣山路"
1.0/F低層PH3,1.0,低層,PH3,25253758.850583646,14891.0,1202,219,2,NST,"SKY ONE,TUNG LO WAN HILL RD|雲頂峰,銅鑼灣山路"
2.0/F中層PH3,2.0,中層,PH3,25355513.301663827,14951.0,1202,221,2,NST,"SKY ONE,TUNG LO WAN HILL RD|雲頂峰,銅鑼灣山路"
5.0/F高層PH3,5.0,高層,PH3,25655688.93235037,15128.0,1202,229,2,NST,"SKY ONE,TUNG LO WAN HILL RD|雲頂峰,銅鑼灣山路"
1.0/F低層PH5,1.0,低層,PH5,27106358.62909784,14870.0,1292,175,2,NST,"SKY ONE,TUNG LO WAN HILL RD|雲頂峰,銅鑼灣山路"
2.0/F中層PH5,2.0,中層,PH5,27213909.07692009,14929.0,1292,177,2,NST,"SKY ONE,TUNG LO WAN HILL RD|雲頂峰,銅鑼灣山路"
5.0/F高層PH5,5.0,高層,PH5,27536560.42038682,15106.0,1292,183,2,NST,"SKY ONE,TUNG LO WAN HILL RD|雲頂峰,銅鑼灣山路"
